sample_id,label,measure,qminh,thach,tuan,do,congminh,agree
BDD01,lane/chevron_area,count,1,1,1,1,0,0
BDD01,lane/chevron_area,attr:lane_change,__undefined__,not_allowed,not_allowed,__undefined__,,0
BDD01,lane/chevron_area,attr:needs_review,false,false,false,false,,0
BDD01,lane/single_dashed,count,9,6,9,9,9,0
BDD01,lane/single_dashed,attr:lane_change,__undefined__|__undefined__|__undefined__|__undefined__|__undefined__|__undefined__|__undefined__|__undefined__|__undefined__,allowed|allowed|allowed|allowed|allowed|allowed,__undefined__|__undefined__|allowed|allowed|allowed|allowed|allowed|allowed|allowed,allowed|allowed|allowed|allowed|allowed|allowed|allowed|allowed|allowed,__undefined__|__undefined__|__undefined__|__undefined__|__undefined__|__undefined__|__undefined__|__undefined__|__undefined__,0
BDD01,lane/single_dashed,attr:needs_review,false|false|false|false|false|false|false|false|false,false|false|false|false|false|false,false|false|false|false|false|false|false|false|false,false|false|false|false|false|false|false|false|false,false|false|false|false|false|false|false|false|false,0
BDD01,lane/single_solid,count,2,0,3,2,5,0
BDD01,lane/single_solid,attr:lane_change,__undefined__|__undefined__,,not_allowed|not_allowed|not_allowed,not_allowed|not_allowed,__undefined__|__undefined__|__undefined__|__undefined__|__undefined__,0
BDD01,lane/single_solid,attr:needs_review,false|false,,false|false|false,false|false,false|false|false|false|false,0
BDD10,lane/chevron_area,count,0,0,0,0,0,1
BDD10,lane/single_dashed,count,5,0,4,4,4,0
BDD10,lane/single_dashed,attr:lane_change,__undefined__|__undefined__|__undefined__|__undefined__|__undefined__,,allowed|allowed|allowed|allowed,allowed|allowed|allowed|allowed,allowed|allowed|allowed|allowed,0
BDD10,lane/single_dashed,attr:needs_review,false|false|false|false|false,,false|false|false|false,false|false|false|false,false|false|false|false,0
BDD10,lane/single_solid,count,4,4,4,4,4,1
BDD10,lane/single_solid,attr:lane_change,__undefined__|__undefined__|__undefined__|__undefined__,__undefined__|not_allowed|not_allowed|not_allowed,not_allowed|not_allowed|not_allowed|not_allowed,not_allowed|not_allowed|not_allowed|not_allowed,not_allowed|not_allowed|not_allowed|not_allowed,0
BDD10,lane/single_solid,attr:needs_review,false|false|false|false,false|false|false|false,false|false|false|false,false|false|false|false,false|false|false|false,1
BDD16,lane/chevron_area,count,4,3,3,3,0,0
BDD16,lane/chevron_area,attr:lane_change,__undefined__|__undefined__|__undefined__|__undefined__,not_allowed|not_allowed|not_allowed,not_allowed|not_allowed|not_allowed,not_allowed|not_allowed|not_allowed,,0
BDD16,lane/chevron_area,attr:needs_review,false|false|false|false,false|false|false,false|false|false,false|false|false,,0
BDD16,lane/single_dashed,count,0,0,0,0,0,1
BDD16,lane/single_solid,count,0,0,0,0,2,0
BDD16,lane/single_solid,attr:lane_change,,,,,not_allowed|not_allowed,0
BDD16,lane/single_solid,attr:needs_review,,,,,false|false,0
BDD22,lane/chevron_area,count,0,0,0,0,0,1
BDD22,lane/single_dashed,count,8,4,5,6,6,0
BDD22,lane/single_dashed,attr:lane_change,__undefined__|__undefined__|__undefined__|__undefined__|__undefined__|__undefined__|__undefined__|__undefined__,allowed|allowed|allowed|allowed,allowed|allowed|allowed|allowed|not_allowed,allowed|allowed|allowed|allowed|allowed|allowed,allowed|allowed|allowed|allowed|allowed|allowed,0
BDD22,lane/single_dashed,attr:needs_review,false|false|false|false|false|false|false|false,false|false|false|false,false|false|false|false|false,false|false|false|false|false|false,false|false|false|false|false|false,0
BDD22,lane/single_solid,count,1,0,1,1,1,0
BDD22,lane/single_solid,attr:lane_change,__undefined__,,not_allowed,not_allowed,not_allowed,0
BDD22,lane/single_solid,attr:needs_review,false,,false,false,false,0
BDD26,lane/chevron_area,count,0,0,0,0,0,1
BDD26,lane/single_dashed,count,3,3,2,2,3,0
BDD26,lane/single_dashed,attr:lane_change,__undefined__|__undefined__|__undefined__,allowed|allowed|allowed,allowed|allowed,allowed|allowed,allowed|allowed|allowed,0
BDD26,lane/single_dashed,attr:needs_review,false|false|false,false|false|true,false|false,false|false,false|false|false,0
BDD26,lane/single_solid,count,0,0,1,1,1,0
BDD26,lane/single_solid,attr:lane_change,,,not_allowed,not_allowed,not_allowed,0
BDD26,lane/single_solid,attr:needs_review,,,false,false,false,0
