sample_id,decision_id,expected,severity,kind,peer_evidence,correct,note
BDD05,d1,label=lane/single_solid lane_change=not_allowed,major,decision,lane/chevron_area [lane_change=not_allowed;needs_review=true] | lane/single_solid [lane_change=not_allowed;needs_review=false]x2,1,vach vang lien mep trai (38,580)->(460,..) dung class va lane_change; peer ve them 1 chevron_area rieng cho vung soc cheo ben phai khong anh huong d1
BDD05,d2,geometry: polyline bam tam vach vang lien mep trai lech <=3px,minor,geometry,lane/chevron_area [lane_change=not_allowed;needs_review=true] | lane/single_solid [lane_change=not_allowed;needs_review=false]x2,1,quy dao polyline di chuyen doc theo huong vach mep trai hop ly; chua doi chieu truc quan pixel-level trong CVAT
BDD05,d3,label=lane/single_solid lane_change=not_allowed,major,decision,lane/chevron_area [lane_change=not_allowed;needs_review=true] | lane/single_solid [lane_change=not_allowed;needs_review=false]x2,1,vach trang lien cheo ben phai (622,350)->(843,..) dung class single_solid va not_allowed
BDD19,d1,label=lane/single_dashed lane_change=allowed,major,decision,lane/single_dashed [lane_change=allowed;needs_review=false] | lane/single_dashed [lane_change=allowed;needs_review=true] | lane/single_solid [lane_change=not_allowed;needs_review=false],1,2 doan single_dashed allowed dung quyet dinh; 1 doan duoc tick needs_review vi de nham khe be tong voi vach dut - hop ly theo peer_feedback
BDD19,d2,label=lane/single_solid lane_change=not_allowed needs_review=true,minor,decision,lane/single_dashed [lane_change=allowed;needs_review=false] | lane/single_dashed [lane_change=allowed;needs_review=true] | lane/single_solid [lane_change=not_allowed;needs_review=false],0,class va lane_change dung (single_solid not_allowed) nhung peer khong tick needs_review=true cho doan vach mon mep phai nhu gold yeu cau - execution_error muc do nho
BDD25,d1,label=lane/single_dashed lane_change=allowed needs_review=true,major,decision,lane/single_dashed [lane_change=allowed;needs_review=false]x2 | lane/single_dashed [lane_change=allowed;needs_review=true],0,ca 3 doan deu dung class+decision nhung chi 1/3 doan duoc tick needs_review=true trong khi ca vach nam trong dieu kien mua/loa - guideline chua noi ro can tick tung doan hay ca vach, ghi nhan guideline_gap
BDD25,d2,geometry: polyline bam tam doan vach dut ro nhat lech <=3px,minor,geometry,lane/single_dashed [lane_change=allowed;needs_review=false]x2 | lane/single_dashed [lane_change=allowed;needs_review=true],1,doan ro nhat (942,390)->(1068,416) do dai hop ly cho 1 doan net dut; chua doi chieu truc quan pixel-level
BDD08,d1,label=lane/single_solid lane_change=not_allowed,critical,decision,lane/single_dashed [lane_change=allowed;needs_review=false]x2 | lane/single_solid [lane_change=not_allowed;needs_review=false],1,vach vang lien tach lan HOV ben trai (5,620)->(392,385) dung class va not_allowed
BDD08,d2,label=lane/single_dashed lane_change=allowed,major,decision,lane/single_dashed [lane_change=allowed;needs_review=false]x2 | lane/single_solid [lane_change=not_allowed;needs_review=false],1,2 doan single_dashed allowed dung o khu vuc lan thuong ben phai
BDD24,d1,label=unknown lane_change=unknown needs_review=true,critical,decision,lane/single_dashed [lane_change=allowed;needs_review=true],0,gold ky vong unknown/unknown vi khong du bang chung o ca 2 dau; peer chon single_dashed/allowed kem needs_review=true - vung xam that su ca peer va owner deu nhan ra (xem peer_feedback cau 3) ghi nhan guideline_gap khong phai loi peer
